order,paper_label,kind,section,line_start,source_file
1,def:apparatus:bk-component-map,definition,Decomposition,5,paper/apparatus/sections/sec_02_decomposition.tex
2,def:apparatus:height-regulator-map,definition,HeightRegulator,5,paper/apparatus/sections/sec_03_height_regulator.tex
3,def:apparatus:analytic-period-map,definition,AnalyticPeriod,5,paper/apparatus/sections/sec_04_analytic_period.tex
4,def:apparatus:finite-source-map,definition,FiniteSource,5,paper/apparatus/sections/sec_05_finite_source.tex
5,def:apparatus:p-adic-map,definition,PAdic,5,paper/apparatus/sections/sec_06_p_adic.tex
6,def:apparatus:det-assembly-map,definition,DetAssembly,5,paper/apparatus/sections/sec_07_det_assembly.tex
7,def:apparatus:rank-two-kummer-source,definition,HigherRankNoGo,5,paper/apparatus/sections/sec_09_higher_rank_no_go.tex
8,thm:apparatus:finite-window-no-go,theorem,GlobalAuditNoGo,5,paper/apparatus/sections/sec_10_global_audit_no_go.tex
9,thm:apparatus:finite-prime-cover-no-go,theorem,SupportPrimeNoGo,5,paper/apparatus/sections/sec_11_support_prime_no_go.tex
10,def:apparatus:vsrc-algebra,definition,Vsrc,5,paper/apparatus/sections/sec_12_vsrc.tex
11,thm:apparatus:kappa-r-normalization-equivalence,theorem,KappaNormalization,5,paper/apparatus/sections/sec_13_kappa_normalization.tex
12,thm:apparatus:rank-two-height-schur-collapse,theorem,HigherRankNoGo,12,paper/apparatus/sections/sec_09_higher_rank_no_go.tex
13,def:apparatus:support-prime-truncation-residual,definition,SupportPrimeNoGo,12,paper/apparatus/sections/sec_11_support_prime_no_go.tex
14,thm:apparatus:vsrc-stage-i-consistency,theorem,Vsrc,12,paper/apparatus/sections/sec_12_vsrc.tex
15,def:apparatus:five-column-tensor,definition,Comparison,14,paper/apparatus/sections/sec_08_comparison.tex
16,thm:apparatus:ordinary-schur-collapse,theorem,PAdic,15,paper/apparatus/sections/sec_06_p_adic.tex
17,thm:apparatus:cascade-completion-signature,theorem,DetAssembly,15,paper/apparatus/sections/sec_07_det_assembly.tex
18,thm:apparatus:height-schur-collapse,theorem,HeightRegulator,17,paper/apparatus/sections/sec_03_height_regulator.tex
19,thm:apparatus:analytic-period-schur-collapse,theorem,AnalyticPeriod,17,paper/apparatus/sections/sec_04_analytic_period.tex
20,thm:apparatus:gram-matrix-shadow,theorem,HigherRankNoGo,19,paper/apparatus/sections/sec_09_higher_rank_no_go.tex
21,thm:apparatus:finite-source-schur-collapse,theorem,FiniteSource,20,paper/apparatus/sections/sec_05_finite_source.tex
22,def:apparatus:bridge-defect-equation,definition,Decomposition,21,paper/apparatus/sections/sec_02_decomposition.tex
23,thm:apparatus:five-col-bk-comparison,theorem,Comparison,22,paper/apparatus/sections/sec_08_comparison.tex
24,thm:apparatus:signed-schur-collapse,theorem,PAdic,23,paper/apparatus/sections/sec_06_p_adic.tex
25,thm:apparatus:scalar-finite-shadow,theorem,FiniteSource,29,paper/apparatus/sections/sec_05_finite_source.tex
26,thm:apparatus:vsrc-stage-ii-gz-partial,theorem,Vsrc,29,paper/apparatus/sections/sec_12_vsrc.tex
27,thm:apparatus:component-killing,theorem,Decomposition,32,paper/apparatus/sections/sec_02_decomposition.tex
28,thm:apparatus:dim-sha-shadow,theorem,FiniteSource,36,paper/apparatus/sections/sec_05_finite_source.tex
29,thm:apparatus:vsrc-stage-iii-translation,theorem,Vsrc,38,paper/apparatus/sections/sec_12_vsrc.tex
30,thm:apparatus:finite-scalar-public-shadow,theorem,Decomposition,40,paper/apparatus/sections/sec_02_decomposition.tex
