curve,p,below_50,point_count,a_p,reduction,good_reduction_type,paper_r4b_flag,kobayashi_basic_scope,supersingular_outside_kobayashi_basic_scope
11a1,2,1,5,-2,good,supersingular,0,0,1
11a1,3,1,5,-1,good,ordinary,0,0,0
11a1,5,1,5,1,good,ordinary,0,0,0
11a1,7,1,10,-2,good,ordinary,0,0,0
11a1,11,1,11,1,multiplicative,not_a_good_reduction_row,1,0,0
11a1,13,1,10,4,good,ordinary,0,0,0
11a1,17,1,20,-2,good,ordinary,0,0,0
11a1,19,1,20,0,good,supersingular,0,1,0
11a1,23,1,25,-1,good,ordinary,0,0,0
11a1,29,1,30,0,good,supersingular,0,1,0
11a1,31,1,25,7,good,ordinary,0,0,0
11a1,37,1,35,3,good,ordinary,0,0,0
11a1,41,1,50,-8,good,ordinary,0,0,0
11a1,43,1,50,-6,good,ordinary,0,0,0
11a1,47,1,40,8,good,ordinary,0,0,0
37a1,2,1,5,-2,good,supersingular,0,0,1
37a1,3,1,7,-3,good,supersingular,0,0,1
37a1,5,1,8,-2,good,ordinary,0,0,0
37a1,7,1,9,-1,good,ordinary,0,0,0
37a1,11,1,17,-5,good,ordinary,0,0,0
37a1,13,1,16,-2,good,ordinary,0,0,0
37a1,17,1,18,0,good,supersingular,0,1,0
37a1,19,1,20,0,good,supersingular,0,1,0
37a1,23,1,22,2,good,ordinary,0,0,0
37a1,29,1,24,6,good,ordinary,0,0,0
37a1,31,1,36,-4,good,ordinary,0,0,0
37a1,37,1,39,-1,multiplicative,not_a_good_reduction_row,1,0,0
37a1,41,1,51,-9,good,ordinary,0,0,0
37a1,43,1,42,2,good,ordinary,0,0,0
37a1,47,1,57,-9,good,ordinary,0,0,0
121b1,2,1,3,0,good,supersingular,0,0,1
121b1,3,1,5,-1,good,ordinary,0,0,0
121b1,5,1,9,-3,good,ordinary,0,0,0
121b1,7,1,8,0,good,supersingular,0,1,0
121b1,11,1,12,0,additive,not_a_good_reduction_row,1,0,0
121b1,13,1,14,0,good,supersingular,0,1,0
121b1,17,1,18,0,good,supersingular,0,1,0
121b1,19,1,20,0,good,supersingular,0,1,0
121b1,23,1,33,-9,good,ordinary,0,0,0
121b1,29,1,30,0,good,supersingular,0,1,0
121b1,31,1,37,-5,good,ordinary,0,0,0
121b1,37,1,31,7,good,ordinary,0,0,0
121b1,41,1,42,0,good,supersingular,0,1,0
121b1,43,1,44,0,good,supersingular,0,1,0
121b1,47,1,60,-12,good,ordinary,0,0,0
960d1,2,1,3,0,additive,not_a_good_reduction_row,1,0,0
960d1,3,1,5,-1,multiplicative,not_a_good_reduction_row,1,0,0
960d1,5,1,5,1,multiplicative,not_a_good_reduction_row,1,0,0
960d1,7,1,4,4,good,ordinary,0,0,0
960d1,11,1,8,4,good,ordinary,0,0,0
960d1,13,1,20,-6,good,ordinary,0,0,0
960d1,17,1,16,2,good,ordinary,0,0,0
960d1,19,1,16,4,good,ordinary,0,0,0
960d1,23,1,24,0,good,supersingular,0,1,0
960d1,29,1,40,-10,good,ordinary,0,0,0
960d1,31,1,28,4,good,ordinary,0,0,0
960d1,37,1,28,10,good,ordinary,0,0,0
960d1,41,1,40,2,good,ordinary,0,0,0
960d1,43,1,48,-4,good,ordinary,0,0,0
960d1,47,1,56,-8,good,ordinary,0,0,0
571a1,2,1,3,0,good,supersingular,0,0,1
571a1,3,1,2,2,good,ordinary,0,0,0
571a1,5,1,8,-2,good,ordinary,0,0,0
571a1,7,1,6,2,good,ordinary,0,0,0
571a1,11,1,7,5,good,ordinary,0,0,0
571a1,13,1,11,3,good,ordinary,0,0,0
571a1,17,1,18,0,good,supersingular,0,1,0
571a1,19,1,20,0,good,supersingular,0,1,0
571a1,23,1,20,4,good,ordinary,0,0,0
571a1,29,1,21,9,good,ordinary,0,0,0
571a1,31,1,27,5,good,ordinary,0,0,0
571a1,37,1,45,-7,good,ordinary,0,0,0
571a1,41,1,42,0,good,supersingular,0,1,0
571a1,43,1,33,11,good,ordinary,0,0,0
571a1,47,1,48,0,good,supersingular,0,1,0
571a1,571,0,571,1,multiplicative,not_a_good_reduction_row,1,0,0
